Workbook

Sheet INJ Q1
A1: monitor point: | B1: 45 | C1: m
A2: injection point: | B2: 0 | C2: m
A3: ec probe: | B3: EC_04
A4: slug in: | B4: =A20 -> 39235.58 | C4: HH:MM:SS
A5: 1st arrival: | B5: =MIN(E:E) -> 39235.581 | C5: HH:MM:SS
A6: background: | B6: 38 | C6: mS cm-1
A7: peak time: | B7: =MAX(D:D) -> 39235.581 | C7: HH:MM:SS
A8: peak cond: | B8: =MAX(F20:F295) -> 107.2 | C8: mS cm-1
A9: peak conc: | B9: =MAX(G20:G295) -> 53.6 | C9: mg L-1
A10: end monitoring: | B10: =MAX(A:A) -> 39235.589 | C10: HH:MM:SS
A11: modal v: | B11: =(B1-B2)/((B7-B4)*24*60*60) -> 0.51136364 | C11: m sec-1
A12: slug mass: | B12: 992.09 | C12: g
A13: 0th moment: | B13: =SUM(H:H) -> 5767.6 | C13: mg L-1 sec
A14: discharge: | B14: =(B12/(B13/1000)) -> 172.01089 | C14: L sec-1
A15: t adv | B15: =B7-B4 -> 0.0010185185 | C15: HH:MM:SS
A18: TIMESTAMP | B18: cond | C18: time from inj | D18: Peak time | E18: Arrival Time | F18: bkg corr. cond. | G18: bkg corr. conc. | H18: conc. dt | I18: mass passing | J18: CUM mass passing | K18: norm CUM mass passing
A19: M/DD/YY HH:MM | B19: mS cm-1 | C19: sec | D19: - | E19: - | F19: mS cm-1 | G19: mg L-1 | H19: mg L-1 sec | I19: mg | J19: mg | K19: -
A20: 39235.58 | B20: 38 | C20: =(A20-$B$4)*24*60*60 -> 0 | D20: =IF(F20=$B$8,A20,"") | E20: =IF(B20-$B$6>0,A20," ") | F20: =IF((B20-$B$6)>0,B20-$B$6,0) -> 0 | G20: =F20/2 -> 0 | J20: 0 | K20: =J20/($B$12*1000) -> 0
A21: 39235.58 | B21: 37.8 | C21: =(A21-$B$4)*24*60*60 -> 1.9999998 | D21: =IF(F21=$B$8,A21,"") | E21: =IF(B21-$B$6>0,A21," ") | F21: =IF((B21-$B$6)>0,B21-$B$6,0) -> 0 | G21: =F21/2 -> 0 | H21: =AVERAGE(G20:G21)*(C21-C20) -> 0 | I21: =H21*$B$14 -> 0 | J21: =J20+I21 -> 0 | K21: =J21/($B$12*1000) -> 0
A22: 39235.58 | B22: 37.8 | C22: =(A22-$B$4)*24*60*60 -> 4.0000003 | D22: =IF(F22=$B$8,A22,"") | E22: =IF(B22-$B$6>0,A22," ") | F22: =IF((B22-$B$6)>0,B22-$B$6,0) -> 0 | G22: =F22/2 -> 0 | H22: =AVERAGE(G21:G22)*(C22-C21) -> 0 | I22: =H22*$B$14 -> 0 | J22: =J21+I22 -> 0 | K22: =J22/($B$12*1000) -> 0
A23: 39235.58 | B23: 37.8 | C23: =(A23-$B$4)*24*60*60 -> 6.0000001 | D23: =IF(F23=$B$8,A23,"") | E23: =IF(B23-$B$6>0,A23," ") | F23: =IF((B23-$B$6)>0,B23-$B$6,0) -> 0 | G23: =F23/2 -> 0 | H23: =AVERAGE(G22:G23)*(C23-C22) -> 0 | I23: =H23*$B$14 -> 0 | J23: =J22+I23 -> 0 | K23: =J23/($B$12*1000) -> 0
A24: 39235.58 | B24: 38 | C24: =(A24-$B$4)*24*60*60 -> 8 | D24: =IF(F24=$B$8,A24,"") | E24: =IF(B24-$B$6>0,A24," ") | F24: =IF((B24-$B$6)>0,B24-$B$6,0) -> 0 | G24: =F24/2 -> 0 | H24: =AVERAGE(G23:G24)*(C24-C23) -> 0 | I24: =H24*$B$14 -> 0 | J24: =J23+I24 -> 0 | K24: =J24/($B$12*1000) -> 0
A25: 39235.58 | B25: 37.8 | C25: =(A25-$B$4)*24*60*60 -> 10 | D25: =IF(F25=$B$8,A25,"") | E25: =IF(B25-$B$6>0,A25," ") | F25: =IF((B25-$B$6)>0,B25-$B$6,0) -> 0 | G25: =F25/2 -> 0 | H25: =AVERAGE(G24:G25)*(C25-C24) -> 0 | I25: =H25*$B$14 -> 0 | J25: =J24+I25 -> 0 | K25: =J25/($B$12*1000) -> 0
A26: 39235.58 | B26: 37.8 | C26: =(A26-$B$4)*24*60*60 -> 12 | D26: =IF(F26=$B$8,A26,"") | E26: =IF(B26-$B$6>0,A26," ") | F26: =IF((B26-$B$6)>0,B26-$B$6,0) -> 0 | G26: =F26/2 -> 0 | H26: =AVERAGE(G25:G26)*(C26-C25) -> 0 | I26: =H26*$B$14 -> 0 | J26: =J25+I26 -> 0 | K26: =J26/($B$12*1000) -> 0
A27: 39235.58 | B27: 38 | C27: =(A27-$B$4)*24*60*60 -> 14 | D27: =IF(F27=$B$8,A27,"") | E27: =IF(B27-$B$6>0,A27," ") | F27: =IF((B27-$B$6)>0,B27-$B$6,0) -> 0 | G27: =F27/2 -> 0 | H27: =AVERAGE(G26:G27)*(C27-C26) -> 0 | I27: =H27*$B$14 -> 0 | J27: =J26+I27 -> 0 | K27: =J27/($B$12*1000) -> 0
A28: 39235.58 | B28: 38 | C28: =(A28-$B$4)*24*60*60 -> 16 | D28: =IF(F28=$B$8,A28,"") | E28: =IF(B28-$B$6>0,A28," ") | F28: =IF((B28-$B$6)>0,B28-$B$6,0) -> 0 | G28: =F28/2 -> 0 | H28: =AVERAGE(G27:G28)*(C28-C27) -> 0 | I28: =H28*$B$14 -> 0 | J28: =J27+I28 -> 0 | K28: =J28/($B$12*1000) -> 0
A29: 39235.58 | B29: 37.8 | C29: =(A29-$B$4)*24*60*60 -> 18 | D29: =IF(F29=$B$8,A29,"") | E29: =IF(B29-$B$6>0,A29," ") | F29: =IF((B29-$B$6)>0,B29-$B$6,0) -> 0 | G29: =F29/2 -> 0 | H29: =AVERAGE(G28:G29)*(C29-C28) -> 0 | I29: =H29*$B$14 -> 0 | J29: =J28+I29 -> 0 | K29: =J29/($B$12*1000) -> 0
A30: 39235.58 | B30: 37.8 | C30: =(A30-$B$4)*24*60*60 -> 20 | D30: =IF(F30=$B$8,A30,"") | E30: =IF(B30-$B$6>0,A30," ") | F30: =IF((B30-$B$6)>0,B30-$B$6,0) -> 0 | G30: =F30/2 -> 0 | H30: =AVERAGE(G29:G30)*(C30-C29) -> 0 | I30: =H30*$B$14 -> 0 | J30: =J29+I30 -> 0 | K30: =J30/($B$12*1000) -> 0
A31: 39235.58 | B31: 38 | C31: =(A31-$B$4)*24*60*60 -> 22 | D31: =IF(F31=$B$8,A31,"") | E31: =IF(B31-$B$6>0,A31," ") | F31: =IF((B31-$B$6)>0,B31-$B$6,0) -> 0 | G31: =F31/2 -> 0 | H31: =AVERAGE(G30:G31)*(C31-C30) -> 0 | I31: =H31*$B$14 -> 0 | J31: =J30+I31 -> 0 | K31: =J31/($B$12*1000) -> 0
A32: 39235.58 | B32: 37.8 | C32: =(A32-$B$4)*24*60*60 -> 24 | D32: =IF(F32=$B$8,A32,"") | E32: =IF(B32-$B$6>0,A32," ") | F32: =IF((B32-$B$6)>0,B32-$B$6,0) -> 0 | G32: =F32/2 -> 0 | H32: =AVERAGE(G31:G32)*(C32-C31) -> 0 | I32: =H32*$B$14 -> 0 | J32: =J31+I32 -> 0 | K32: =J32/($B$12*1000) -> 0
... A409: 39235.589 | B409: 38.6 | C409: =(A409-$B$4)*24*60*60 -> 778 | D409: =IF(F409=$B$8,A409,"") | E409: =IF(B409-$B$6>0,A409," ") -> 39235.589 | F409: =IF((B409-$B$6)>0,B409-$B$6,0) -> 0.6 | G409: =F409/2 -> 0.3 | H409: =AVERAGE(G408:G409)*(C409-C408) -> 0.59999995 | I409: =H409*$B$14 -> 103.20652 | J409: =J408+I409 -> 992090 | K409: =J409/($B$12*1000) -> 1

Sheet INJ Q2
A1: monitor point: | B1: 140 | C1: m
A2: injection point: | B2: 107 | C2: m
A3: ec probe: | B3: EC_05
A4: slug in: | B4: =A20 -> 39235.549 | C4: HH:MM:SS
A5: 1st arrival: | B5: =MIN(E:E) -> 39235.549 | C5: HH:MM:SS
A6: background: | B6: 37.6 | C6: mS cm-1
A7: peak time: | B7: =MAX(D:D) -> 39235.551 | C7: HH:MM:SS
A8: peak cond: | B8: =MAX(F20:F295) -> 46.2 | C8: mS cm-1
A9: peak conc: | B9: =MAX(G20:G295) -> 23.1 | C9: mg L-1
A10: end monitoring: | B10: =MAX(A:A) -> 39235.571 | C10: HH:MM:SS
A11: modal v: | B11: =(B1-B2)/((B7-B4)*24*60*60) -> 0.19411765 | C11: m sec-1
A12: slug mass: | B12: 1009.83 | C12: g
A13: 0th moment: | B13: =SUM(H:H) -> 5532.9 | C13: mg L-1 sec
A14: discharge: | B14: =(B12/(B13/1000)) -> 182.51369 | C14: L sec-1
A15: t adv | B15: =B7-B4 -> 0.0019675926 | C15: HH:MM:SS
A18: TIMESTAMP | B18: cond | C18: time from inj | D18: Peak time | E18: Arrival Time | F18: bkg corr. cond. | G18: bkg corr. conc. | H18: conc. dt | I18: mass passing | J18: CUM mass passing | K18: norm CUM mass passing
A19: M/DD/YY HH:MM | B19: mS cm-1 | C19: sec | D19: - | E19: - | F19: mS cm-1 | G19: mg L-1 | H19: mg L-1 sec | I19: mg | J19: mg | K19: -
A20: 39235.549 | B20: 37.6 | C20: =(A20-$B$4)*24*60*60 -> 0 | D20: =IF(F20=$B$8,A20,"") | E20: =IF(B20-$B$6>0,A20," ") | F20: =IF((B20-$B$6)>0,B20-$B$6,0) -> 0 | G20: =F20/2 -> 0 | J20: 0 | K20: =J20/($B$12*1000) -> 0
A21: 39235.549 | B21: 37.6 | C21: =(A21-$B$4)*24*60*60 -> 1.9999998 | D21: =IF(F21=$B$8,A21,"") | E21: =IF(B21-$B$6>0,A21," ") | F21: =IF((B21-$B$6)>0,B21-$B$6,0) -> 0 | G21: =F21/2 -> 0 | H21: =AVERAGE(G20:G21)*(C21-C20) -> 0 | I21: =H21*$B$14 -> 0 | J21: =J20+I21 -> 0 | K21: =J21/($B$12*1000) -> 0
A22: 39235.549 | B22: 37.6 | C22: =(A22-$B$4)*24*60*60 -> 4.0000003 | D22: =IF(F22=$B$8,A22,"") | E22: =IF(B22-$B$6>0,A22," ") | F22: =IF((B22-$B$6)>0,B22-$B$6,0) -> 0 | G22: =F22/2 -> 0 | H22: =AVERAGE(G21:G22)*(C22-C21) -> 0 | I22: =H22*$B$14 -> 0 | J22: =J21+I22 -> 0 | K22: =J22/($B$12*1000) -> 0
A23: 39235.549 | B23: 37.6 | C23: =(A23-$B$4)*24*60*60 -> 6.0000001 | D23: =IF(F23=$B$8,A23,"") | E23: =IF(B23-$B$6>0,A23," ") | F23: =IF((B23-$B$6)>0,B23-$B$6,0) -> 0 | G23: =F23/2 -> 0 | H23: =AVERAGE(G22:G23)*(C23-C22) -> 0 | I23: =H23*$B$14 -> 0 | J23: =J22+I23 -> 0 | K23: =J23/($B$12*1000) -> 0
A24: 39235.549 | B24: 37.8 | C24: =(A24-$B$4)*24*60*60 -> 8 | D24: =IF(F24=$B$8,A24,"") | E24: =IF(B24-$B$6>0,A24," ") -> 39235.549 | F24: =IF((B24-$B$6)>0,B24-$B$6,0) -> 0.2 | G24: =F24/2 -> 0.1 | H24: =AVERAGE(G23:G24)*(C24-C23) -> 0.099999992 | I24: =H24*$B$14 -> 18.251368 | J24: =J23+I24 -> 18.251368 | K24: =J24/($B$12*1000) -> 1.8073703e-05
A25: 39235.549 | B25: 37.6 | C25: =(A25-$B$4)*24*60*60 -> 10 | D25: =IF(F25=$B$8,A25,"") | E25: =IF(B25-$B$6>0,A25," ") | F25: =IF((B25-$B$6)>0,B25-$B$6,0) -> 0 | G25: =F25/2 -> 0 | H25: =AVERAGE(G24:G25)*(C25-C24) -> 0.10000002 | I25: =H25*$B$14 -> 18.251373 | J25: =J24+I25 -> 36.502741 | K25: =J25/($B$12*1000) -> 3.6147412e-05
A26: 39235.549 | B26: 37.8 | C26: =(A26-$B$4)*24*60*60 -> 12 | D26: =IF(F26=$B$8,A26,"") | E26: =IF(B26-$B$6>0,A26," ") -> 39235.549 | F26: =IF((B26-$B$6)>0,B26-$B$6,0) -> 0.2 | G26: =F26/2 -> 0.1 | H26: =AVERAGE(G25:G26)*(C26-C25) -> 0.099999992 | I26: =H26*$B$14 -> 18.251368 | J26: =J25+I26 -> 54.754109 | K26: =J26/($B$12*1000) -> 5.4221115e-05
A27: 39235.549 | B27: 37.8 | C27: =(A27-$B$4)*24*60*60 -> 14 | D27: =IF(F27=$B$8,A27,"") | E27: =IF(B27-$B$6>0,A27," ") -> 39235.549 | F27: =IF((B27-$B$6)>0,B27-$B$6,0) -> 0.2 | G27: =F27/2 -> 0.1 | H27: =AVERAGE(G26:G27)*(C27-C26) -> 0.19999998 | I27: =H27*$B$14 -> 36.502735 | J27: =J26+I27 -> 91.256844 | K27: =J27/($B$12*1000) -> 9.0368521e-05
A28: 39235.549 | B28: 37.6 | C28: =(A28-$B$4)*24*60*60 -> 16 | D28: =IF(F28=$B$8,A28,"") | E28: =IF(B28-$B$6>0,A28," ") | F28: =IF((B28-$B$6)>0,B28-$B$6,0) -> 0 | G28: =F28/2 -> 0 | H28: =AVERAGE(G27:G28)*(C28-C27) -> 0.099999992 | I28: =H28*$B$14 -> 18.251368 | J28: =J27+I28 -> 109.50821 | K28: =J28/($B$12*1000) -> 0.00010844222
A29: 39235.549 | B29: 37.7 | C29: =(A29-$B$4)*24*60*60 -> 18 | D29: =IF(F29=$B$8,A29,"") | E29: =IF(B29-$B$6>0,A29," ") -> 39235.549 | F29: =IF((B29-$B$6)>0,B29-$B$6,0) -> 0.1 | G29: =F29/2 -> 0.05 | H29: =AVERAGE(G28:G29)*(C29-C28) -> 0.050000012 | I29: =H29*$B$14 -> 9.1256867 | J29: =J28+I29 -> 118.6339 | K29: =J29/($B$12*1000) -> 0.00011747908
A30: 39235.549 | B30: 37.6 | C30: =(A30-$B$4)*24*60*60 -> 20 | D30: =IF(F30=$B$8,A30,"") | E30: =IF(B30-$B$6>0,A30," ") | F30: =IF((B30-$B$6)>0,B30-$B$6,0) -> 0 | G30: =F30/2 -> 0 | H30: =AVERAGE(G29:G30)*(C30-C29) -> 0.049999996 | I30: =H30*$B$14 -> 9.1256838 | J30: =J29+I30 -> 127.75958 | K30: =J30/($B$12*1000) -> 0.00012651593
A31: 39235.549 | B31: 37.6 | C31: =(A31-$B$4)*24*60*60 -> 22 | D31: =IF(F31=$B$8,A31,"") | E31: =IF(B31-$B$6>0,A31," ") | F31: =IF((B31-$B$6)>0,B31-$B$6,0) -> 0 | G31: =F31/2 -> 0 | H31: =AVERAGE(G30:G31)*(C31-C30) -> 0 | I31: =H31*$B$14 -> 0 | J31: =J30+I31 -> 127.75958 | K31: =J31/($B$12*1000) -> 0.00012651593
A32: 39235.549 | B32: 37.6 | C32: =(A32-$B$4)*24*60*60 -> 24 | D32: =IF(F32=$B$8,A32,"") | E32: =IF(B32-$B$6>0,A32," ") | F32: =IF((B32-$B$6)>0,B32-$B$6,0) -> 0 | G32: =F32/2 -> 0 | H32: =AVERAGE(G31:G32)*(C32-C31) -> 0 | I32: =H32*$B$14 -> 0 | J32: =J31+I32 -> 127.75958 | K32: =J32/($B$12*1000) -> 0.00012651593
... A1008: 39235.571 | B1008: 37.6 | C1008: =(A1008-$B$4)*24*60*60 -> 1976 | D1008: =IF(F1008=$B$8,A1008,"") | E1008: =IF(B1008-$B$6>0,A1008," ") | F1008: =IF((B1008-$B$6)>0,B1008-$B$6,0) -> 0 | G1008: =F1008/2 -> 0 | H1008: =AVERAGE(G1007:G1008)*(C1008-C1007) -> 0 | I1008: =H1008*$B$14 -> 0 | J1008: =J1007+I1008 -> 1009830 | K1008: =J1008/($B$12*1000) -> 1

Sheet INJ Q3
A1: monitor point: | B1: 230 | C1: m
A2: injection point: | B2: 265 | C2: m
A3: ec probe: | B3: EC_06
A4: slug in: | B4: =A20 -> 39235.493 | C4: HH:MM:SS
A5: 1st arrival: | B5: =MIN(E:E) -> 39235.494 | C5: HH:MM:SS
A6: background: | B6: 39.6 | C6: mS cm-1
A7: peak time: | B7: =MAX(D:D) -> 39235.494 | C7: HH:MM:SS
A8: peak cond: | B8: =MAX(F20:F295) -> 118 | C8: mS cm-1
A9: peak conc: | B9: =MAX(G20:G295) -> 59 | C9: mg L-1
A10: end monitoring: | B10: =MAX(A:A) -> 39235.507 | C10: HH:MM:SS
A11: modal v: | B11: =(B1-B2)/((B7-B4)*24*60*60) -> -0.29166667 | C11: m sec-1
A12: slug mass: | B12: 999.3 | C12: g
A13: 0th moment: | B13: =SUM(H:H) -> 5382.1 | C13: mg L-1 sec
A14: discharge: | B14: =(B12/(B13/1000)) -> 185.67102 | C14: L sec-1
A15: t adv | B15: =B7-B4 -> 0.0013888889 | C15: HH:MM:SS
A18: TIMESTAMP | B18: cond | C18: time from inj | D18: Peak time | E18: Arrival Time | F18: bkg corr. cond. | G18: bkg corr. conc. | H18: conc. dt | I18: mass passing | J18: CUM mass passing | K18: norm CUM mass passing
A19: M/DD/YY HH:MM | B19: mS cm-1 | C19: sec | D19: - | E19: - | F19: mS cm-1 | G19: mg L-1 | H19: mg L-1 sec | I19: mg | J19: mg | K19: -
A20: 39235.493 | B20: 39.6 | C20: =(A20-$B$4)*24*60*60 -> 0 | D20: =IF(F20=$B$8,A20,"") | E20: =IF(B20-$B$6>0,A20," ") | F20: =IF((B20-$B$6)>0,B20-$B$6,0) -> 0 | G20: =F20/2 -> 0 | J20: 0 | K20: =J20/($B$12*1000) -> 0
A21: 39235.493 | B21: 39.4 | C21: =(A21-$B$4)*24*60*60 -> 1.9999998 | D21: =IF(F21=$B$8,A21,"") | E21: =IF(B21-$B$6>0,A21," ") | F21: =IF((B21-$B$6)>0,B21-$B$6,0) -> 0 | G21: =F21/2 -> 0 | H21: =AVERAGE(G20:G21)*(C21-C20) -> 0 | I21: =H21*$B$14 -> 0 | J21: =J20+I21 -> 0 | K21: =J21/($B$12*1000) -> 0
A22: 39235.493 | B22: 39.4 | C22: =(A22-$B$4)*24*60*60 -> 4.0000003 | D22: =IF(F22=$B$8,A22,"") | E22: =IF(B22-$B$6>0,A22," ") | F22: =IF((B22-$B$6)>0,B22-$B$6,0) -> 0 | G22: =F22/2 -> 0 | H22: =AVERAGE(G21:G22)*(C22-C21) -> 0 | I22: =H22*$B$14 -> 0 | J22: =J21+I22 -> 0 | K22: =J22/($B$12*1000) -> 0
A23: 39235.493 | B23: 39.4 | C23: =(A23-$B$4)*24*60*60 -> 6.0000001 | D23: =IF(F23=$B$8,A23,"") | E23: =IF(B23-$B$6>0,A23," ") | F23: =IF((B23-$B$6)>0,B23-$B$6,0) -> 0 | G23: =F23/2 -> 0 | H23: =AVERAGE(G22:G23)*(C23-C22) -> 0 | I23: =H23*$B$14 -> 0 | J23: =J22+I23 -> 0 | K23: =J23/($B$12*1000) -> 0
A24: 39235.493 | B24: 39.4 | C24: =(A24-$B$4)*24*60*60 -> 8 | D24: =IF(F24=$B$8,A24,"") | E24: =IF(B24-$B$6>0,A24," ") | F24: =IF((B24-$B$6)>0,B24-$B$6,0) -> 0 | G24: =F24/2 -> 0 | H24: =AVERAGE(G23:G24)*(C24-C23) -> 0 | I24: =H24*$B$14 -> 0 | J24: =J23+I24 -> 0 | K24: =J24/($B$12*1000) -> 0
A25: 39235.493 | B25: 39.3 | C25: =(A25-$B$4)*24*60*60 -> 9.9999998 | D25: =IF(F25=$B$8,A25,"") | E25: =IF(B25-$B$6>0,A25," ") | F25: =IF((B25-$B$6)>0,B25-$B$6,0) -> 0 | G25: =F25/2 -> 0 | H25: =AVERAGE(G24:G25)*(C25-C24) -> 0 | I25: =H25*$B$14 -> 0 | J25: =J24+I25 -> 0 | K25: =J25/($B$12*1000) -> 0
A26: 39235.493 | B26: 39.4 | C26: =(A26-$B$4)*24*60*60 -> 12 | D26: =IF(F26=$B$8,A26,"") | E26: =IF(B26-$B$6>0,A26," ") | F26: =IF((B26-$B$6)>0,B26-$B$6,0) -> 0 | G26: =F26/2 -> 0 | H26: =AVERAGE(G25:G26)*(C26-C25) -> 0 | I26: =H26*$B$14 -> 0 | J26: =J25+I26 -> 0 | K26: =J26/($B$12*1000) -> 0
A27: 39235.493 | B27: 39.4 | C27: =(A27-$B$4)*24*60*60 -> 14 | D27: =IF(F27=$B$8,A27,"") | E27: =IF(B27-$B$6>0,A27," ") | F27: =IF((B27-$B$6)>0,B27-$B$6,0) -> 0 | G27: =F27/2 -> 0 | H27: =AVERAGE(G26:G27)*(C27-C26) -> 0 | I27: =H27*$B$14 -> 0 | J27: =J26+I27 -> 0 | K27: =J27/($B$12*1000) -> 0
A28: 39235.493 | B28: 39.6 | C28: =(A28-$B$4)*24*60*60 -> 16 | D28: =IF(F28=$B$8,A28,"") | E28: =IF(B28-$B$6>0,A28," ") | F28: =IF((B28-$B$6)>0,B28-$B$6,0) -> 0 | G28: =F28/2 -> 0 | H28: =AVERAGE(G27:G28)*(C28-C27) -> 0 | I28: =H28*$B$14 -> 0 | J28: =J27+I28 -> 0 | K28: =J28/($B$12*1000) -> 0
A29: 39235.493 | B29: 39.4 | C29: =(A29-$B$4)*24*60*60 -> 18 | D29: =IF(F29=$B$8,A29,"") | E29: =IF(B29-$B$6>0,A29," ") | F29: =IF((B29-$B$6)>0,B29-$B$6,0) -> 0 | G29: =F29/2 -> 0 | H29: =AVERAGE(G28:G29)*(C29-C28) -> 0 | I29: =H29*$B$14 -> 0 | J29: =J28+I29 -> 0 | K29: =J29/($B$12*1000) -> 0
A30: 39235.493 | B30: 39.4 | C30: =(A30-$B$4)*24*60*60 -> 20 | D30: =IF(F30=$B$8,A30,"") | E30: =IF(B30-$B$6>0,A30," ") | F30: =IF((B30-$B$6)>0,B30-$B$6,0) -> 0 | G30: =F30/2 -> 0 | H30: =AVERAGE(G29:G30)*(C30-C29) -> 0 | I30: =H30*$B$14 -> 0 | J30: =J29+I30 -> 0 | K30: =J30/($B$12*1000) -> 0
A31: 39235.493 | B31: 39.6 | C31: =(A31-$B$4)*24*60*60 -> 22 | D31: =IF(F31=$B$8,A31,"") | E31: =IF(B31-$B$6>0,A31," ") | F31: =IF((B31-$B$6)>0,B31-$B$6,0) -> 0 | G31: =F31/2 -> 0 | H31: =AVERAGE(G30:G31)*(C31-C30) -> 0 | I31: =H31*$B$14 -> 0 | J31: =J30+I31 -> 0 | K31: =J31/($B$12*1000) -> 0
A32: 39235.493 | B32: 39.4 | C32: =(A32-$B$4)*24*60*60 -> 24 | D32: =IF(F32=$B$8,A32,"") | E32: =IF(B32-$B$6>0,A32," ") | F32: =IF((B32-$B$6)>0,B32-$B$6,0) -> 0 | G32: =F32/2 -> 0 | H32: =AVERAGE(G31:G32)*(C32-C31) -> 0 | I32: =H32*$B$14 -> 0 | J32: =J31+I32 -> 0 | K32: =J32/($B$12*1000) -> 0
... A619: 39235.507 | B619: 39.5 | C619: =(A619-$B$4)*24*60*60 -> 1198 | D619: =IF(F619=$B$8,A619,"") | E619: =IF(B619-$B$6>0,A619," ") | F619: =IF((B619-$B$6)>0,B619-$B$6,0) -> 0 | G619: =F619/2 -> 0 | H619: =AVERAGE(G618:G619)*(C619-C618) -> 0 | I619: =H619*$B$14 -> 0 | J619: =J618+I619 -> 999300 | K619: =J619/($B$12*1000) -> 1

Sheet INJ Q4
A1: monitor point: | B1: 386 | C1: m
A2: injection point: | B2: 340 | C2: m
A3: ec probe: | B3: EC_07
A4: slug in: | B4: =A20 -> 39235.477 | C4: HH:MM:SS | N4: USER INPUT
A5: 1st arrival: | B5: =MIN(E:E) -> 39235.478 | C5: HH:MM:SS
A6: background: | B6: 39.9 | C6: mS cm-1
A7: peak time: | B7: =MAX(D:D) -> 39235.479 | C7: HH:MM:SS
A8: peak cond: | B8: =MAX(F20:F649) -> 127.7 | C8: mS cm-1
A9: peak conc: | B9: =MAX(G20:G649) -> 63.85 | C9: mg L-1
A10: end monitoring: | B10: =MAX(A:A) -> 39235.493 | C10: HH:MM:SS
A11: modal v: | B11: =(B1-B2)/((B7-B4)*24*60*60) -> 0.32857143 | C11: m sec-1
A12: slug mass: | B12: 1004 | C12: g
A13: 0th moment: | B13: =SUM(H:H) -> 5769 | C13: mg L-1 sec
A14: discharge: | B14: =(B12/(B13/1000)) -> 174.03363 | C14: L sec-1
A15: t adv | B15: =B7-B4 -> 0.0016203704 | C15: HH:MM:SS
A18: TIMESTAMP | B18: cond | C18: time from inj | D18: Peak time | E18: Arrival Time | F18: bkg corr. cond. | G18: bkg corr. conc. | H18: conc. dt | I18: mass passing | J18: CUM mass passing | K18: norm CUM mass passing
A19: M/DD/YY HH:MM | B19: mS cm-1 | C19: sec | D19: - | E19: - | F19: mS cm-1 | G19: mg L-1 | H19: mg L-1 sec | I19: mg | J19: mg | K19: -
A20: 39235.477 | B20: 39.9 | C20: =(A20-$B$4)*24*60*60 -> 0 | D20: =IF(F20=$B$8,A20,"") | E20: =IF(B20-$B$6>0,A20," ") | F20: =IF((B20-$B$6)>0,B20-$B$6,0) -> 0 | G20: =F20/2 -> 0 | J20: 0 | K20: =IF(J20=" ","-",J20/($B$12*1000)) -> 0
A21: 39235.477 | B21: 39.9 | C21: =(A21-$B$4)*24*60*60 -> 2.0000005 | D21: =IF(F21=$B$8,A21,"") | E21: =IF(B21-$B$6>0,A21," ") | F21: =IF((B21-$B$6)>0,B21-$B$6,0) -> 0 | G21: =F21/2 -> 0 | H21: =AVERAGE(G20:G21)*(C21-C20) -> 0 | I21: =H21*$B$14 -> 0 | J21: =J20+I21 -> 0 | K21: =IF(J21=" ","-",J21/($B$12*1000)) -> 0
A22: 39235.477 | B22: 39.9 | C22: =(A22-$B$4)*24*60*60 -> 4.0000003 | D22: =IF(F22=$B$8,A22,"") | E22: =IF(B22-$B$6>0,A22," ") | F22: =IF((B22-$B$6)>0,B22-$B$6,0) -> 0 | G22: =F22/2 -> 0 | H22: =AVERAGE(G21:G22)*(C22-C21) -> 0 | I22: =H22*$B$14 -> 0 | J22: =J21+I22 -> 0 | K22: =IF(J22=" ","-",J22/($B$12*1000)) -> 0
A23: 39235.477 | B23: 39.9 | C23: =(A23-$B$4)*24*60*60 -> 6.0000001 | D23: =IF(F23=$B$8,A23,"") | E23: =IF(B23-$B$6>0,A23," ") | F23: =IF((B23-$B$6)>0,B23-$B$6,0) -> 0 | G23: =F23/2 -> 0 | H23: =AVERAGE(G22:G23)*(C23-C22) -> 0 | I23: =H23*$B$14 -> 0 | J23: =J22+I23 -> 0 | K23: =IF(J23=" ","-",J23/($B$12*1000)) -> 0
A24: 39235.477 | B24: 39.9 | C24: =(A24-$B$4)*24*60*60 -> 8 | D24: =IF(F24=$B$8,A24,"") | E24: =IF(B24-$B$6>0,A24," ") | F24: =IF((B24-$B$6)>0,B24-$B$6,0) -> 0 | G24: =F24/2 -> 0 | H24: =AVERAGE(G23:G24)*(C24-C23) -> 0 | I24: =H24*$B$14 -> 0 | J24: =J23+I24 -> 0 | K24: =IF(J24=" ","-",J24/($B$12*1000)) -> 0
A25: 39235.477 | B25: 39.9 | C25: =(A25-$B$4)*24*60*60 -> 10 | D25: =IF(F25=$B$8,A25,"") | E25: =IF(B25-$B$6>0,A25," ") | F25: =IF((B25-$B$6)>0,B25-$B$6,0) -> 0 | G25: =F25/2 -> 0 | H25: =AVERAGE(G24:G25)*(C25-C24) -> 0 | I25: =H25*$B$14 -> 0 | J25: =J24+I25 -> 0 | K25: =IF(J25=" ","-",J25/($B$12*1000)) -> 0
A26: 39235.477 | B26: 39.9 | C26: =(A26-$B$4)*24*60*60 -> 12 | D26: =IF(F26=$B$8,A26,"") | E26: =IF(B26-$B$6>0,A26," ") | F26: =IF((B26-$B$6)>0,B26-$B$6,0) -> 0 | G26: =F26/2 -> 0 | H26: =AVERAGE(G25:G26)*(C26-C25) -> 0 | I26: =H26*$B$14 -> 0 | J26: =J25+I26 -> 0 | K26: =IF(J26=" ","-",J26/($B$12*1000)) -> 0
A27: 39235.477 | B27: 39.9 | C27: =(A27-$B$4)*24*60*60 -> 14 | D27: =IF(F27=$B$8,A27,"") | E27: =IF(B27-$B$6>0,A27," ") | F27: =IF((B27-$B$6)>0,B27-$B$6,0) -> 0 | G27: =F27/2 -> 0 | H27: =AVERAGE(G26:G27)*(C27-C26) -> 0 | I27: =H27*$B$14 -> 0 | J27: =J26+I27 -> 0 | K27: =IF(J27=" ","-",J27/($B$12*1000)) -> 0
A28: 39235.477 | B28: 39.9 | C28: =(A28-$B$4)*24*60*60 -> 16 | D28: =IF(F28=$B$8,A28,"") | E28: =IF(B28-$B$6>0,A28," ") | F28: =IF((B28-$B$6)>0,B28-$B$6,0) -> 0 | G28: =F28/2 -> 0 | H28: =AVERAGE(G27:G28)*(C28-C27) -> 0 | I28: =H28*$B$14 -> 0 | J28: =J27+I28 -> 0 | K28: =IF(J28=" ","-",J28/($B$12*1000)) -> 0
A29: 39235.477 | B29: 39.9 | C29: =(A29-$B$4)*24*60*60 -> 18 | D29: =IF(F29=$B$8,A29,"") | E29: =IF(B29-$B$6>0,A29," ") | F29: =IF((B29-$B$6)>0,B29-$B$6,0) -> 0 | G29: =F29/2 -> 0 | H29: =AVERAGE(G28:G29)*(C29-C28) -> 0 | I29: =H29*$B$14 -> 0 | J29: =J28+I29 -> 0 | K29: =IF(J29=" ","-",J29/($B$12*1000)) -> 0
A30: 39235.477 | B30: 39.9 | C30: =(A30-$B$4)*24*60*60 -> 20 | D30: =IF(F30=$B$8,A30,"") | E30: =IF(B30-$B$6>0,A30," ") | F30: =IF((B30-$B$6)>0,B30-$B$6,0) -> 0 | G30: =F30/2 -> 0 | H30: =AVERAGE(G29:G30)*(C30-C29) -> 0 | I30: =H30*$B$14 -> 0 | J30: =J29+I30 -> 0 | K30: =IF(J30=" ","-",J30/($B$12*1000)) -> 0
A31: 39235.477 | B31: 39.9 | C31: =(A31-$B$4)*24*60*60 -> 22 | D31: =IF(F31=$B$8,A31,"") | E31: =IF(B31-$B$6>0,A31," ") | F31: =IF((B31-$B$6)>0,B31-$B$6,0) -> 0 | G31: =F31/2 -> 0 | H31: =AVERAGE(G30:G31)*(C31-C30) -> 0 | I31: =H31*$B$14 -> 0 | J31: =J30+I31 -> 0 | K31: =IF(J31=" ","-",J31/($B$12*1000)) -> 0
A32: 39235.477 | B32: 39.9 | C32: =(A32-$B$4)*24*60*60 -> 24 | D32: =IF(F32=$B$8,A32,"") | E32: =IF(B32-$B$6>0,A32," ") | F32: =IF((B32-$B$6)>0,B32-$B$6,0) -> 0 | G32: =F32/2 -> 0 | H32: =AVERAGE(G31:G32)*(C32-C31) -> 0 | I32: =H32*$B$14 -> 0 | J32: =J31+I32 -> 0 | K32: =IF(J32=" ","-",J32/($B$12*1000)) -> 0
... A709: 39235.493 | B709: 40.1 | C709: =(A709-$B$4)*24*60*60 -> 1378 | D709: =IF(F709=$B$8,A709,"") | E709: =IF(B709-$B$6>0,A709," ") -> 39235.493 | F709: =IF((B709-$B$6)>0,B709-$B$6,0) -> 0.2 | G709: =F709/2 -> 0.1 | H709: =AVERAGE(G708:G709)*(C709-C708) -> 0.19999998 | I709: =H709*$B$14 -> 34.806723 | J709: =J708+I709 -> 1004000 | K709: =IF(J709=" ","-",J709/($B$12*1000)) -> 1

Sheet FLOW
A2: Dist DS (m) | B2: Flow Rate( L/s)
A3: ='INJ Q1'!B1 -> 45 | B3: ='INJ Q1'!B14 -> 172.01089
A4: ='INJ Q2'!B1 -> 140 | B4: ='INJ Q2'!B14 -> 182.51369
A5: ='INJ Q3'!B1 -> 230 | B5: ='INJ Q3'!B14 -> 185.67102
A6: ='INJ Q4'!B1 -> 386 | B6: ='INJ Q4'!B14 -> 174.03363
